{"cameraMode":{"drawMode":0,"name":"Shaded","section":"Shading Mode"},"sceneLighting":true,"audioPlay":false,"sceneViewState":{"showFog":true,"showMaterialUpdate":false,"showSkybox":true,"showFlares":true,"showImageEffects":true,"showParticleSystems":true},"in2DMode":false,"pivot":{"x":0.51513671875,"y":-0.4466552734375,"z":-0.05517578125},"rotation":{"x":0.2411591112613678,"y":0.6801730990409851,"z":-0.2548561692237854,"w":0.6436266899108887},"size":0.5398348569869995,"orthographic":true}