{"cameraMode":{"drawMode":0,"name":"Shaded","section":"Shading Mode"},"sceneLighting":true,"audioPlay":false,"sceneViewState":{"showFog":true,"showMaterialUpdate":false,"showSkybox":true,"showFlares":true,"showImageEffects":true,"showParticleSystems":true},"in2DMode":false,"pivot":{"x":-0.03958091139793396,"y":-3.4209080013170026e-11,"z":0.12568695843219758},"rotation":{"x":0.07668319344520569,"y":-0.3181682229042053,"z":0.025812305510044099,"w":0.9445752501487732},"size":0.1360289752483368,"orthographic":true}